Model,Avg Similarity,Min Similarity,Max Similarity,Std Dev
E5-base-v2,0.9141333333333334,0.8507,0.958,0.042595946599021224
E5-small-v2,0.9280333333333334,0.8907,0.9618,0.02889613584316534
LaBSE,0.7171,0.5671,0.8555,0.12638362235669617
MiniLM,0.7719,0.6216,0.8693,0.11603492577668152
all-mpnet-base-v2,0.8341,0.6984,0.9282,0.09936544671061466
bert-base-multilingual-cased,0.86845,0.7766,0.9361,0.05666966560691888
